Workbook

Sheet PERKEMBANGAN AKADEMIK TOTAL
A1: PERKEMBANGAN MAHASISWA AKTIF FAKULTAS VOKASI PER PERIODE
A4: TAHUN MASUK | B4: PERIODE | AJ4: TOTAL JUMLAH LULUSAN
B5: 2014_1 | C5: 2014_2 | D5: 2015_1 | E5: 2015_2 | F5: 2016_1 | G5: 2016_2 | H5: LULUS | I5: 2017_1 | J5: 2017_2 | K5: LULUS | L5: 2018_1 | M5: 2018_2 | N5: LULUS | O5: 2019_1 | P5: 2019_2 | Q5: LULUS | R5: 2020_1 | S5: 2020_2 | T5: LULUS | U5: 2021_1 | V5: 2021_2 | W5: LULUS | X5: 2022_1 | Y5: 2022_2 | Z5: LULUS | AA5: 2023_1 | AB5: 2023_2 | AC5: LULUS | AD5: 2024_1 | AE5: 2024_2 | AF5: LULUS | AG5: 2025_1 | AH5: 2025_2 | AI5: LULUS
A6: 2014 | B6: =TM!B6+TL!B6+AGRO!B6 -> 18 | C6: =TM!C6+TL!C6+AGRO!C6 -> 13 | D6: =TM!D6+TL!D6+AGRO!D6 -> 12 | E6: =TM!E6+TL!E6+AGRO!E6 -> 10 | F6: =TM!F6+TL!F6+AGRO!F6 -> 9 | G6: =TM!G6+TL!G6+AGRO!G6 -> 9 | H6: 0 | I6: =TM!I6+TL!I6+AGRO!I6 -> 9 | J6: =TM!J6+TL!J6+AGRO!J6 -> 9 | K6: =TM!K6+TL!K6+AGRO!K6 -> 9 | AJ6: 9
A7: 2015 | D7: =TM!D7+TL!D7+AGRO!D7 -> 62 | E7: =TM!E7+TL!E7+AGRO!E7 -> 58 | F7: =TM!F7+TL!F7+AGRO!F7 -> 55 | G7: =TM!G7+TL!G7+AGRO!G7 -> 55 | H7: 0 | I7: =TM!I7+TL!I7+AGRO!I7 -> 51 | J7: =TM!J7+TL!J7+AGRO!J7 -> 49 | K7: =TM!K7+TL!K7+AGRO!K7 -> 37 | L7: =TM!L7+TL!L7 -> 9 | M7: =TM!M7+TL!M7 -> 7 | N7: =TM!N7+TL!N7 -> 3 | AJ7: =K7+N7 -> 40
A8: 2016 | F8: =TM!F8+TL!F8+AGRO!F8 -> 83 | G8: =TM!G8+TL!G8+AGRO!G8 -> 81 | H8: 0 | I8: =TM!I8+TL!I8+AGRO!I8 -> 79 | J8: =TM!J8+TL!J8+AGRO!J8 -> 79 | K8: 0 | L8: =TM!L8+TL!L8+AGRO!L8 -> 67 | M8: =TM!M8+TL!M8+AGRO!M8 -> 64 | N8: =TM!N8+TL!N8+AGRO!N8 -> 28 | O8: =TM!O8+TL!O8 -> 5 | P8: =TM!P8+TL!P8 -> 5 | Q8: =TM!Q8+TL!Q8 -> 3 | R8: =TM!R8 -> 2 | S8: 0 | T8: 0 | AJ8: =H8+K8+N8+Q8 -> 31
A9: 2017 | I9: =TM!I9+TL!I9+AGRO!I9 -> 36 | J9: =TM!J9+TL!J9+AGRO!J9 -> 35 | K9: 0 | L9: =TM!L9+TL!L9+AGRO!L9 -> 33 | M9: =TM!M9+TL!M9+AGRO!M9 -> 31 | N9: =TM!N9 -> 1 | O9: =TM!O9+TL!O9+AGRO!O9 -> 25 | P9: =TM!P9+TL!P9+AGRO!P9 -> 24 | Q9: =TM!Q9+TL!Q9+AGRO!Q9 -> 22 | R9: =TM!R9 -> 2 | S9: =TM!S9 -> 2 | T9: 0 | AJ9: =N9+Q9 -> 23
A10: 2018 | L10: =TM!L10+TL!L10+AGRO!L10 -> 52 | M10: =TM!M10+TL!M10+AGRO!M10 -> 50 | N10: 0 | O10: =TM!O10+TL!O10+AGRO!O10 -> 46 | P10: =TM!P10+TL!P10+AGRO!P10 -> 46 | Q10: =TM!Q10 -> 1 | R10: =TM!R10+TL!R10+AGRO!R10 -> 45 | S10: =TM!S10+TL!S10+AGRO!S10 -> 41 | T10: =TM!T10+TL!T10+AGRO!T10 -> 39 | AJ10: =Q10+T10 -> 40
A11: 2019 | O11: =TM!O11+TL!O11+AGRO!O11 -> 38 | P11: =TM!P11+TL!P11+AGRO!P11 -> 36 | Q11: 0 | R11: =TM!R11+TL!R11+AGRO!R11 -> 35 | S11: =TM!S11+TL!S11+AGRO!S11 -> 33 | T11: 0 | U11: =TM!U11+TL!U11+AGRO!U11 -> 33 | V11: =TM!V11+TL!V11+AGRO!V11 -> 32 | W11: =TM!W11+TL!W11+AGRO!W11 -> 27 | X11: =TM!X11+TL!X11 -> 0 | Y11: =TM!Y11+TL!Y11 -> 2 | Z11: =TM!Z11 -> 1 | AA11: 0 | AB11: 1 | AC11: 1 | AJ11: =W11+Z11+AC11 -> 29
A12: 2020 | R12: =TM!R12+TL!R12+AGRO!R12 -> 55 | S12: =TM!S12+TL!S12+AGRO!S12 -> 45 | T12: 0 | U12: =TM!U12+TL!U12+AGRO!U12 -> 40 | V12: =TM!V12+TL!V12+AGRO!V12 -> 39 | W12: 0 | X12: =TM!X12+TL!X12+AGRO!X12 -> 37 | Y12: =TM!Y12+TL!Y12+AGRO!Y12 -> 34 | Z12: =TM!Z12+TL!Z12+AGRO!Z12 -> 27 | AA12: =TM!AA12+TL!AA12+AGRO!AA12 -> 2 | AB12: =TM!AB12+TL!AB12+AGRO!AB12 -> 7 | AC12: 4 | AD12: =TM!AD12+TL!AD12+AGRO!AD12 -> 1 | AE12: =TM!AE12+TL!AE12+AGRO!AE12 -> 1 | AF12: =TM!AF12+TL!AF12+AGRO!AF12 -> 1 | AJ12: =Z12+AC12+AF12 -> 32
A13: 2021 | U13: =TM!U13+TL!U13+AGRO!U13 -> 46 | V13: =TM!V13+TL!V13+AGRO!V13 -> 43 | W13: 0 | X13: =TM!X13+TL!X13+AGRO!X13 -> 41 | Y13: =TM!Y13+TL!Y13+AGRO!Y13 -> 39 | Z13: 0 | AA13: =TM!AA13+TL!AA13+AGRO!AA13 -> 39 | AB13: =TM!AB13+TL!AB13+AGRO!AB13 -> 37 | AC13: 27 | AD13: =TM!AD13+TL!AD13+AGRO!AD13 -> 2 | AE13: =TM!AE13+TL!AE13+AGRO!AE13 -> 6 | AF13: =TM!AF13+TL!AF13+AGRO!AF13 -> 5 | AJ13: =AC13+AF13 -> 32
A14: 2022 | X14: =TM!X14+TL!X14+AGRO!X14 -> 37 | Y14: =TM!Y14+TL!Y14+AGRO!Y14 -> 29 | Z14: 0 | AA14: =TM!AA14+TL!AA14+AGRO!AA14 -> 28 | AB14: =TM!AB14+TL!AB14+AGRO!AB14 -> 27 | AC14: 0 | AD14: =TM!AD14+TL!AD14+AGRO!AD14 -> 28 | AE14: =TM!AE14+TL!AE14+AGRO!AE14 -> 25 | AF14: =TM!AF14+TL!AF14+AGRO!AF14 -> 18 | AG14: 1 | AH14: 1 | AJ14: =AF14 -> 18
A15: 2023 | AA15: =TM!AA15+TL!AA15+AGRO!AA15 -> 53 | AB15: =TM!AB15+TL!AB15+AGRO!AB15 -> 49 | AC15: 0 | AD15: =TM!AD15+TL!AD15+AGRO!AD15 -> 47 | AE15: =TM!AE15+TL!AE15+AGRO!AE15 -> 42 | AF15: 0 | AG15: 2 | AH15: 1
A16: 2024 | AD16: =TM!AD16+TL!AD16+AGRO!AD16 -> 43 | AE16: =TM!AE16+TL!AE16+AGRO!AE16 -> 40 | AF16: 0 | AG16: 6 | AH16: 6
A17: 2025 | AG17: =TM!AG17+TL!AG17+AGRO!AG17 -> 141
A18: TOTAL | B18: =SUM(B6:B15) -> 18 | C18: =SUM(C6:C15) -> 13 | D18: =SUM(D6:D15) -> 74 | E18: =SUM(E6:E15) -> 68 | F18: =SUM(F6:F15) -> 147 | G18: =SUM(G6:G15) -> 145 | H18: =SUM(H6:H15) -> 0 | I18: =SUM(I6:I15) -> 175 | ... AB18: =SUM(AB6:AB15) -> 121 | AC18: =SUM(AC11:AC15) -> 32 | AD18: =SUM(AD12:AD16) -> 121 | AE18: =SUM(AE12:AE16) -> 114 | AF18: =SUM(AF12:AF16) -> 24 | AG18: =SUM(AG14:AG17) -> 150 | AJ18: =SUM(AJ6:AJ15) -> 254
A20: Keterangan :
B21: Mahasiswa BARU
B22: Mahasiswa AKTIF
B23: Mahasiswa LULUS

Sheet TM
A1: PERKEMBANGAN MAHASISWA AKTIF PROGRAM STUDI TEKNOLOGI MANUFAKTUR FAKULTAS VOKASI PER ANGKATAN PER PERIODE
A4: TAHUN MASUK | B4: PERIODE | AJ4: JUMLAH LULUSAN
B5: 2014_1 | C5: 2014_2 | D5: 2015_1 | E5: 2015_2 | F5: 2016_1 | G5: 2016_2 | H5: LULUS | I5: 2017_1 | J5: 2017_2 | K5: LULUS | L5: 2018_1 | M5: 2018_2 | N5: LULUS | O5: 2019_1 | P5: 2019_2 | Q5: LULUS | R5: 2020_1 | S5: 2020_2 | T5: LULUS | U5: 2021_1 | V5: 2021_2 | W5: LULUS | X5: 2022_1 | Y5: 2022_2 | Z5: LULUS | AA5: 2023_1 | AB5: 2023_2 | AC5: LULUS | AD5: 2024_1 | AE5: 2024_2 | AF5: LULUS | AG5: 2025_1 | AH5: 2025_2 | AI5: LULUS
A6: 2014 | B6: 5 | C6: 3 | D6: 2 | E6: 1 | F6: 1 | G6: 1 | H6: 0 | I6: 1 | J6: 1 | K6: 1 | AJ6: 1
A7: 2015 | D7: 14 | E7: 14 | F7: 14 | G7: 14 | H7: 0 | I7: 10 | J7: 10 | K7: 6 | L7: 4 | M7: 2 | N7: 1 | AJ7: =K7+N7 -> 7
A8: 2016 | F8: 25 | G8: 25 | H8: 0 | I8: 25 | J8: 25 | K8: 0 | L8: 18 | M8: 16 | N8: 10 | O8: 4 | P8: 4 | Q8: 2 | R8: 2 | AJ8: =H8+K8+N8+Q8 -> 12
A9: 2017 | I9: 18 | J9: 18 | K9: 0 | L9: 18 | M9: 17 | N9: 1 | O9: 12 | P9: 12 | Q9: 10 | R9: 2 | S9: 2 | T9: 0 | AJ9: =N9+Q9 -> 11
A10: 2018 | L10: 26 | M10: 24 | N10: 0 | O10: 22 | P10: 22 | Q10: 1 | R10: 21 | S10: 21 | T10: 20 | AJ10: =Q10+T10 -> 21
A11: 2019 | O11: 15 | P11: 13 | Q11: 0 | R11: 13 | S11: 12 | T11: 0 | U11: 12 | V11: 12 | W11: 10 | X11: 0 | Y11: 1 | Z11: 1 | AJ11: =W11+Z11 -> 11
A12: 2020 | R12: 19 | S12: 15 | T12: 0 | U12: 14 | V12: 14 | W12: 0 | X12: 13 | Y12: 13 | Z12: 13 | AJ12: =Z12 -> 13
A13: 2021 | U13: 23 | V13: 22 | W13: 0 | X13: 20 | Y13: 18 | Z13: 0 | AA13: 18 | AB13: 18 | AC13: 12 | AD13: 2 | AE13: 4 | AF13: 3 | AJ13: 15
A14: 2022 | X14: 16 | Y14: 12 | Z14: 0 | AA14: 12 | AB14: 12 | AC14: 0 | AD14: 12 | AE14: 12 | AF14: 6 | AJ14: 6
A15: 2023 | AA15: 31 | AB15: 30 | AC15: 0 | AD15: 28 | AE15: 25 | AF15: 0
A16: 2024 | AD16: 12 | AE16: 11 | AF16: 0
A17: 2025 | AG17: 73 | AI17: 0
A18: TOTAL | B18: =SUM(B6:B11) -> 5 | C18: =SUM(C6:C11) -> 3 | D18: =SUM(D6:D11) -> 16 | E18: =SUM(E6:E11) -> 15 | F18: =SUM(F6:F11) -> 40 | G18: =SUM(G6:G11) -> 40 | H18: =SUM(H6:H8) -> 0 | I18: =SUM(I6:I9) -> 54 | J18: =SUM(J6:J9) -> 54 | K18: =SUM(K6:K9) -> 7 | L18: =SUM(L7:L10) -> 66 | M18: =SUM(M7:M10) -> 59 | N18: =SUM(N7:N10) -> 12 | O18: =SUM(O8:O11) -> 53 | P18: =SUM(P8:P11) -> 51 | Q18: =SUM(Q8:Q11) -> 13 | R18: =SUM(R8:R12) -> 57 | S18: =SUM(S9:S12) -> 50 | T18: =SUM(T9:T12) -> 20 | U18: =SUM(U11:U13) -> 49 | V18: =SUM(V11:V13) -> 48 | W18: =SUM(W11:W13) -> 10 | X18: =SUM(X11:X14) -> 49 | Y18: =SUM(Y11:Y14) -> 44 | Z18: =SUM(Z11:Z14) -> 14 | AA18: =SUM(AA13:AA15) -> 61 | AB18: =SUM(AB13:AB15) -> 60 | AC18: =SUM(AC13:AC15) -> 12 | AD18: =SUM(AD13:AD16) -> 54 | AE18: =SUM(AE13:AE16) -> 52 | AF18: =SUM(AF13:AF16) -> 9 | AG18: =SUM(AG17) -> 73 | AJ18: =SUM(AJ6:AJ14) -> 97
A20: Keterangan :
B21: Mahasiswa BARU
B22: Mahasiswa AKTIF
B23: Mahasiswa LULUS

Sheet TL
A1: PERKEMBANGAN MAHASISWA AKTIF PROGRAM STUDI TEKNOLOGI LISTRIK FAKULTAS VOKASI PER ANGKATAN PER PERIODE
A4: TAHUN MASUK | B4: PERIODE | AJ4: JUMLAH LULUSAN
B5: 2014_1 | C5: 2014_2 | D5: 2015_1 | E5: 2015_2 | F5: 2016_1 | G5: 2016_2 | H5: LULUS | I5: 2017_1 | J5: 2017_2 | K5: LULUS | L5: 2018_1 | M5: 2018_2 | N5: LULUS | O5: 2019_1 | P5: 2019_2 | Q5: LULUS | R5: 2020_1 | S5: 2020_2 | T5: LULUS | U5: 2021_1 | V5: 2021_2 | W5: LULUS | X5: 2022_1 | Y5: 2022_2 | Z5: LULUS | AA5: 2023_1 | AB5: 2023_2 | AC5: LULUS | AD5: 2024_1 | AE5: 2024_2 | AF5: LULUS | AG5: 2025_1 | AH5: 2025_2 | AI5: LULUS
A6: 2014 | B6: 10 | C6: 8 | D6: 8 | E6: 8 | F6: 7 | G6: 7 | H6: 0 | I6: 7 | J6: 7 | K6: 7 | AJ6: =H6+K6 -> 7
A7: 2015 | D7: 42 | E7: 39 | F7: 38 | G7: 38 | H7: 0 | I7: 38 | J7: 36 | K7: 28 | L7: 5 | M7: 5 | N7: 2 | AJ7: =K7+N7 -> 30
A8: 2016 | F8: 44 | G8: 44 | H8: 0 | I8: 44 | J8: 44 | K8: 0 | L8: 39 | M8: 39 | N8: 10 | O8: 1 | P8: 1 | Q8: 1 | AJ8: =H8+K8+N8+Q8 -> 11
A9: 2017 | I9: 11 | J9: 11 | K9: 0 | L9: 10 | M9: 10 | N9: 0 | O9: 9 | P9: 9 | Q9: 9 | AJ9: 9
A10: 2018 | L10: 18 | M10: 18 | N10: 0 | O10: 16 | P10: 16 | Q10: 0 | R10: 16 | S10: 12 | T10: 11 | AJ10: 11
A11: 2019 | O11: 19 | P11: 19 | Q11: 0 | R11: 19 | S11: 18 | T11: 0 | U11: 18 | V11: 17 | W11: 14 | X11: 0 | Y11: 1 | Z11: 0 | AA11: 0 | AB11: 1 | AC11: 1 | AJ11: 15
A12: 2020 | R12: 18 | S12: 16 | T12: 0 | U12: 16 | V12: 16 | W12: 0 | X12: 15 | Y12: 13 | Z12: 7 | AA12: 1 | AB12: 6 | AC12: 3 | AD12: 1 | AE12: 1 | AF12: 1 | AJ12: =Z12+AC12+AF12 -> 11
A13: 2021 | U13: 12 | V13: 12 | W13: 0 | X13: 12 | Y13: 12 | Z13: 0 | AA13: 12 | AB13: 11 | AC13: 9 | AD13: 0 | AE13: 2 | AF13: 2 | AJ13: =AC13+AF13 -> 11
A14: 2022 | X14: 12 | Y14: 8 | Z14: 0 | AA14: 7 | AB14: 6 | AC14: 0 | AD14: 7 | AE14: 7 | AF14: 6 | AJ14: 6
A15: 2023 | AA15: 19 | AB15: 17 | AC15: 0 | AD15: 17 | AE15: 15 | AF15: 0
A16: 2024 | AD16: 23 | AE16: 22 | AF16: 0
A17: 2025 | AG17: 59
A18: TOTAL | B18: =SUM(B6:B11) -> 10 | C18: =SUM(C6:C11) -> 8 | D18: =SUM(D6:D11) -> 50 | E18: =SUM(E6:E11) -> 47 | F18: =SUM(F6:F11) -> 89 | G18: =SUM(G6:G11) -> 89 | H18: =SUM(H6:H8) -> 0 | I18: =SUM(I6:I9) -> 100 | J18: =SUM(J6:J9) -> 98 | K18: =SUM(K6:K9) -> 35 | L18: =SUM(L7:L10) -> 72 | M18: =SUM(M7:M10) -> 72 | N18: =SUM(N7:N10) -> 12 | O18: =SUM(O8:O11) -> 45 | P18: =SUM(P8:P11) -> 45 | Q18: =SUM(Q8:Q11) -> 10 | R18: =SUM(R10:R12) -> 53 | S18: =SUM(S10:S12) -> 46 | T18: =SUM(T10:T12) -> 11 | U18: =SUM(U11:U13) -> 46 | V18: =SUM(V11:V13) -> 45 | W18: =SUM(W11:W13) -> 14 | X18: =SUM(X11:X14) -> 39 | Y18: =SUM(Y11:Y14) -> 34 | Z18: =SUM(Z11:Z14) -> 7 | AA18: =SUM(AA12:AA15) -> 39 | AB18: =SUM(AB11:AB15) -> 41 | AC18: =SUM(AC11:AC15) -> 13 | AD18: =SUM(AD12:AD16) -> 48 | AE18: =SUM(AE12:AE16) -> 47 | AF18: =SUM(AF12:AF16) -> 9 | AG18: =SUM(AG17) -> 59 | AJ18: =SUM(AJ6:AJ14) -> 111
A20: Keterangan :
B21: Mahasiswa BARU
B22: Mahasiswa AKTIF
B23: Mahasiswa LULUS

Sheet AGRO
A1: PERKEMBANGAN MAHASISWA AKTIF PROGRAM STUDI AGROINDUSTRI FAKULTAS VOKASI PER ANGKATAN PER PERIODE
A4: TAHUN MASUK | B4: PERIODE | AJ4: JUMLAH LULUSAN
B5: 2014_1 | C5: 2014_2 | D5: 2015_1 | E5: 2015_2 | F5: 2016_1 | G5: 2016_2 | H5: LULUS | I5: 2017_1 | J5: 2017_2 | K5: LULUS | L5: 2018_1 | M5: 2018_2 | N5: LULUS | O5: 2019_1 | P5: 2019_2 | Q5: LULUS | R5: 2020_1 | S5: 2020_2 | T5: LULUS | U5: 2021_1 | V5: 2021_2 | W5: LULUS | X5: 2022_1 | Y5: 2022_2 | Z5: LULUS | AA5: 2023_1 | AB5: 2023_2 | AC5: LULUS | AD5: 2024_1 | AE5: 2024_2 | AF5: LULUS | AG5: 2025_1 | AH5: 2025_2 | AI5: LULUS
A6: 2014 | B6: 3 | C6: 2 | D6: 2 | E6: 1 | F6: 1 | G6: 1 | H6: 0 | I6: 1 | J6: 1 | K6: 1 | AJ6: 1
A7: 2015 | D7: 6 | E7: 5 | F7: 3 | G7: 3 | H7: 0 | I7: 3 | J7: 3 | K7: 3 | AJ7: =K7 -> 3
A8: 2016 | F8: 14 | G8: 12 | H8: 0 | I8: 10 | J8: 10 | K8: 0 | L8: 10 | M8: 9 | N8: 8 | AJ8: =N8 -> 8
A9: 2017 | I9: 7 | J9: 6 | K9: 0 | L9: 5 | M9: 4 | N9: 0 | O9: 4 | P9: 3 | Q9: 3 | AJ9: 3
A10: 2018 | L10: 8 | M10: 8 | N10: 0 | O10: 8 | P10: 8 | Q10: 0 | R10: 8 | S10: 8 | T10: 8 | AJ10: 8
A11: 2019 | O11: 4 | P11: 4 | Q11: 0 | R11: 3 | S11: 3 | T11: 0 | U11: 3 | V11: 3 | W11: 3 | AJ11: 3
A12: 2020 | R12: 18 | S12: 14 | T12: 0 | U12: 10 | V12: 9 | W12: 0 | X12: 9 | Y12: 8 | Z12: 7 | AA12: 1 | AB12: 1 | AC12: 1 | AJ12: 8
A13: 2021 | U13: 11 | V13: 9 | W13: 0 | X13: 9 | Y13: 9 | Z13: 0 | AA13: 9 | AB13: 8 | AC13: 6 | AD13: 0 | AE13: 0 | AF13: 0 | AJ13: 6
A14: 2022 | X14: 9 | Y14: 9 | Z14: 0 | AA14: 9 | AB14: 9 | AC14: 0 | AD14: 9 | AE14: 6 | AF14: 6 | AG14: 1 | AH14: 1 | AI14: 0 | AJ14: 6
A15: 2023 | AA15: 3 | AB15: 2 | AC15: 0 | AD15: 2 | AE15: 2 | AF15: 0 | AG15: 2 | AH15: 1 | AI15: 0
A16: 2024 | AD16: 8 | AE16: 7 | AF16: 0 | AG16: 6 | AH16: 6 | AI16: 0
A17: 2025 | AG17: 9 | AH17: 8 | AI17: 0
A18: TOTAL | B18: =SUM(B6:B11) -> 3 | C18: =SUM(C6:C11) -> 2 | D18: =SUM(D6:D11) -> 8 | E18: =SUM(E6:E11) -> 6 | F18: =SUM(F6:F11) -> 18 | G18: =SUM(G6:G11) -> 16 | H18: =SUM(H6:H8) -> 0 | I18: =SUM(I6:I11) -> 21 | J18: =SUM(J6:J11) -> 20 | K18: =SUM(K6:K9) -> 4 | L18: =SUM(L7:L11) -> 23 | M18: =SUM(M8:M10) -> 21 | N18: =SUM(N7:N10) -> 8 | O18: =SUM(O9:O11) -> 16 | P18: =SUM(P8:P11) -> 15 | Q18: =SUM(Q9:Q11) -> 3 | R18: =SUM(R10:R12) -> 29 | S18: =SUM(S10:S12) -> 25 | T18: =SUM(T10:T12) -> 8 | U18: =SUM(U11:U13) -> 24 | V18: =SUM(V11:V13) -> 21 | W18: =SUM(W11:W15) -> 3 | X18: =SUM(X11:X15) -> 27 | Y18: =SUM(Y11:Y15) -> 26 | Z18: =SUM(Z11:Z15) -> 7 | AA18: =SUM(AA11:AA15) -> 22 | AB18: =SUM(AB11:AB15) -> 20 | AC18: =SUM(AC12:AC16) -> 7 | AD18: =SUM(AD13:AD16) -> 19 | AE18: =SUM(AE13:AE16) -> 15 | AF18: =SUM(AF13:AF16) -> 6 | AG18: =SUM(AG14:AG17) -> 18 | AH18: =SUM(AH14:AH17) -> 16 | AI18: =SUM(AI14:AI17) -> 0 | AJ18: =SUM(AJ6:AJ16) -> 46
A20: Keterangan :
B21: Mahasiswa BARU
B22: Mahasiswa AKTIF
B23: Mahasiswa LULUS

Sheet TOTAL LULUSAN
A1: TOTAL LULUSAN FAKULTAS VOKASI
A3: PRODI | B3: PERIODE | J3: JUMLAH
B4: 2017_2 | C4: 2018_2 | D4: 2019_2 | E4: 2020_2 | F4: 2021_2 | G4: 2022_2 | H4: 2023_2 | I4: 2024_2
A5: TEKNOLOGI MANUFAKTUR | B5: 7 | C5: 12 | D5: 13 | E5: 20 | F5: 10 | G5: 14 | H5: 12 | I5: 9 | J5: =SUM(B5:I5) -> 97
A6: TEKNOLOGI LISTRIK | B6: 35 | C6: 12 | D6: 10 | E6: 11 | F6: 14 | G6: 7 | H6: 13 | I6: 9 | J6: =SUM(B6:I6) -> 111
A7: AGROINDUSTRI | B7: 4 | C7: 8 | D7: 3 | E7: 8 | F7: 3 | G7: 7 | H7: 7 | I7: 6 | J7: =SUM(B7:I7) -> 46
B8: =SUM(B5:B7) -> 46 | C8: =SUM(C5:C7) -> 32 | D8: =SUM(D5:D7) -> 26 | E8: =SUM(E5:E7) -> 39 | F8: =SUM(F5:F7) -> 27 | G8: =SUM(G5:G7) -> 28 | H8: =SUM(H5:H7) -> 32 | I8: =SUM(I5:I7) -> 24 | J8: =SUM(J5:J7) -> 254

Sheet Grafik TM
A1: GRAFIK TEKNOLOGI MANUFAKTUR
A3: Tahun Masuk | B3: Jumlah MABA
A4: 2014 | B4: =TM!B6 -> 5
A5: 2015 | B5: =TM!D7 -> 14
A6: 2016 | B6: =TM!F8 -> 25
A7: 2017 | B7: =TM!I9 -> 18
A8: 2018 | B8: =TM!L10 -> 26
A9: 2019 | B9: =TM!O11 -> 15
A10: 2020 | B10: =TM!R12 -> 19
A11: 2021 | B11: =TM!U13 -> 23
A12: 2022 | B12: =TM!X14 -> 16
A13: 2023 | B13: =TM!AA15 -> 31
A14: 2024 | B14: 12
A33: PRODI TM | B33: PERIODE
B34: 2017_2 | C34: 2018_2 | D34: 2019_2 | E34: 2020_2 | F34: 2021_2 | G34: 2022_2 | H34: 2023_2
A35: Jumlah Lulusan | B35: 7 | C35: 12 | D35: 13 | E35: 20 | F35: 10 | G35: 14 | H35: 12

Sheet Grafik TL
A1: GRAFIK TEKNOLOGI LISTRIK
A3: Tahun Masuk | B3: Jumlah MABA
A4: 2014 | B4: =TL!B6 -> 10
A5: 2015 | B5: =TL!D7 -> 42
A6: 2016 | B6: =TL!F8 -> 44
A7: 2017 | B7: =TL!I9 -> 11
A8: 2018 | B8: =TL!L10 -> 18
A9: 2019 | B9: =TL!O11 -> 19
A10: 2020 | B10: =TL!R12 -> 18
A11: 2021 | B11: =TL!U13 -> 12
A12: 2022 | B12: =TL!X14 -> 12
A13: 2023 | B13: =TL!AA15 -> 19
A14: 2024 | B14: 23
A33: PRODI TL | B33: PERIODE
B34: 2017_2 | C34: 2018_2 | D34: 2019_2 | E34: 2020_2 | F34: 2021_2 | G34: 2022_2 | H34: 2023_2
A35: Jumlah Lulusan | B35: 35 | C35: 12 | D35: 10 | E35: 11 | F35: 14 | G35: 7 | H35: 13

Sheet Grafik Agro
A1: GRAFIK AGROINDUSTRI
A3: Tahun Masuk | B3: Jumlah MABA
A4: 2014 | B4: =AGRO!B6 -> 3
A5: 2015 | B5: =AGRO!D7 -> 6
A6: 2016 | B6: =AGRO!F8 -> 14
A7: 2017 | B7: =AGRO!I9 -> 7
A8: 2018 | B8: =AGRO!L10 -> 8
A9: 2019 | B9: =AGRO!O11 -> 4
A10: 2020 | B10: =AGRO!R12 -> 18
A11: 2021 | B11: =AGRO!U13 -> 11
A12: 2022 | B12: =AGRO!X14 -> 9
A13: 2023 | B13: =AGRO!AA15 -> 3
A14: 2024 | B14: 8
A33: PRODI AGROINDUSTRI | B33: PERIODE
B34: 2017_2 | C34: 2018_2 | D34: 2019_2 | E34: 2020_2 | F34: 2021_2 | G34: 2022_2 | H34: 2023_2
A35: Jumlah Lulusan | B35: 4 | C35: 8 | D35: 3 | E35: 8 | F35: 3 | G35: 7 | H35: 7
